{"is_source_file": true, "format": "bash", "description": "A shell script for restoring various types of databases (SQLite, PostgreSQL, MySQL, MongoDB) from different backup files. It detects backup file presence and database type to perform appropriate restoration procedures.", "external_files": ["database_backup.db", "database_backup.sql", "database_backup.archive"], "external_methods": ["pg_isready", "psql", "mysqladmin", "mysql", "mongosh", "mongorestore"], "published": [], "classes": [], "methods": [], "calls": ["ls", "sudo -u postgres pg_isready", "PGPASSWORD", "psql", "mysqladmin ping", "mysql", "mongosh --port", "mongorestore --port"], "search-terms": ["restore script", "database restoration", "backup detection", "SQLite", "PostgreSQL", "MySQL", "MongoDB", "database_backup"], "state": 2, "file_id": 6, "knowledge_revision": 14, "git_revision": "083a4097118eddefc52f5c819e6bd116be0ec770", "hash": "67505395c0df4c9c001ab8f47571f3fb", "format-version": 4, "code-base-name": "mongodb_instance", "filename": "mongodb_instance/restore_db.sh", "revision_history": [{"14": "083a4097118eddefc52f5c819e6bd116be0ec770"}]}