{"is_source_file": false, "format": "", "description": "", "external_files": [], "external_methods": [], "published": [], "classes": [], "methods": [], "calls": [], "search-terms": [], "state": 2, "file_id": 4, "knowledge_revision": 10, "git_revision": "083a4097118eddefc52f5c819e6bd116be0ec770", "hash": "0c9f36dfd1a6dee9fa952c06ab7d9563", "format-version": 4, "code-base-name": "mongodb_instance", "filename": "mongodb_instance/db_visualizer/package.json", "revision_history": [{"10": "083a4097118eddefc52f5c819e6bd116be0ec770"}]}