{"is_source_file": true, "format": "HTML", "description": "This is an HTML file that implements the user interface for a database visualizer web application. It includes layout, styling, and client-side scripting to browse databases, tables, and display table data with interactive features.", "external_files": [], "external_methods": [], "published": [], "classes": [], "methods": [{"name": "loadDatabases", "description": "Fetches the list of databases from the API and populates the sidebar."}, {"name": "refreshDatabases", "description": "Refreshes the database list by re-fetching from the server."}, {"name": "toggleDatabase", "description": "Handles expanding/collapsing database entries and loads tables."}, {"name": "loadTables", "description": "Fetches tables for a selected database and displays them."}, {"name": "loadTableData", "description": "Fetches and displays data for a selected table."}, {"name": "renderTable", "description": "Creates the HTML structure for displaying table data."}, {"name": "renderCell", "description": "Creates HTML for individual cell based on data type and content size."}, {"name": "expandCell", "description": "Expands or collapses cell content for long strings or objects."}], "calls": ["fetchData('/api/databases')", "fetchData(`/api/${db}/tables`)", "fetchData(`/api/${db}/tables/${tableName}/data?limit=50`)"], "search-terms": ["HTML database viewer", "JavaScript fetch API", "interactive table rendering", "client-side database browser", "expand cell content", "dynamic table layout"], "state": 2, "file_id": 2, "knowledge_revision": 13, "git_revision": "083a4097118eddefc52f5c819e6bd116be0ec770", "hash": "ee63333a4841bf025439c755a74c9881", "format-version": 4, "code-base-name": "mongodb_instance", "filename": "mongodb_instance/db_visualizer/public/index.html", "revision_history": [{"13": "083a4097118eddefc52f5c819e6bd116be0ec770"}]}