{"is_source_file": true, "format": "bash", "description": "This script automates backups for SQLite, PostgreSQL, MySQL, and MongoDB databases by detecting the running database system and executing appropriate backup commands.", "external_files": ["/usr/lib/postgresql/", "/var/run/mysqld/mysqld.sock"], "external_methods": ["pg_isready", "mysqladmin", "mysql", "mysqldump", "mongosh", "mongodump"], "published": [], "classes": [], "methods": [], "calls": ["ls", "cp", "sudo -u postgres pg_isready", "sudo mysqladmin ping", "mysql -h localhost -P ${DB_PORT} -u ${DB_USER} -p${DB_PASSWORD}", "mysqldump -h localhost -P ${DB_PORT} -u ${DB_USER} -p${DB_PASSWORD} --databases ${DB_NAME} --add-drop-database --routines --triggers --single-transaction", "sudo mysql --socket=/var/run/mysqld/mysqld.sock -u root -p${DB_PASSWORD} -e \"SELECT 1\"", "mongosh --port ${DB_PORT} --eval \"db.adminCommand('ping')\"", "mongodump --port ${DB_PORT} --db ${DB_NAME} --archive=database_backup.archive --quiet", "echo", "exit"], "search-terms": ["backup_script", "database_detection", "sqlite_backup", "postgresql_backup", "mysql_backup", "mongodb_backup", "multi-db_backup", "script"], "state": 2, "file_id": 5, "knowledge_revision": 12, "git_revision": "083a4097118eddefc52f5c819e6bd116be0ec770", "hash": "7af9aa35fa4940f934d83f6e2621b732", "format-version": 4, "code-base-name": "mongodb_instance", "filename": "mongodb_instance/backup_db.sh", "revision_history": [{"12": "083a4097118eddefc52f5c819e6bd116be0ec770"}]}