{"is_source_file": true, "format": "bash", "description": "This is a shell script for setting up and managing a MongoDB server, including starting the server, creating users, and generating connection information.", "external_files": ["db_connection.txt", "db_visualizer/mongodb.env", "/var/lib/mongodb/mongod.log"], "external_methods": ["mongosh", "pgrep", "lsof", "pkill", "sleep", "cat", "echo", "sudo"], "published": [], "classes": [], "methods": [], "calls": ["mongosh", "pgrep", "lsof", "pkill", "sleep", "cat", "echo", "exit"], "search-terms": ["MongoDB", "startup script", "mongod", "MongoDB setup", "database user creation", "MongoDB server management", "shell script"], "state": 2, "file_id": 7, "knowledge_revision": 11, "git_revision": "083a4097118eddefc52f5c819e6bd116be0ec770", "hash": "5c88115ecb130f24ae6bede778a1f58d", "format-version": 4, "code-base-name": "mongodb_instance", "filename": "mongodb_instance/startup.sh", "revision_history": [{"11": "083a4097118eddefc52f5c819e6bd116be0ec770"}]}